"Date","Price","Open","High","Low","Vol.","Change %"
"Mar 15, 2021","25.90","26.34","26.34","25.61","-","1.01%"
"Mar 12, 2021","25.64","26.22","26.32","25.48","-","-3.06%"
"Mar 11, 2021","26.45","27.61","27.78","26.45","-","-8.32%"
"Mar 10, 2021","28.85","28.48","29.66","28.35","-","-3.12%"
"Mar 09, 2021","29.78","29.41","32.36","29.33","-","1.02%"
"Mar 08, 2021","29.48","29.52","29.65","27.73","-","1.34%"
"Mar 05, 2021","29.09","30.91","31.43","29.05","-","-1.39%"
"Mar 04, 2021","29.50","29.26","30.66","29.05","-","4.20%"
"Mar 03, 2021","28.31","31.41","31.42","28.27","-","-8.59%"
"Mar 02, 2021","30.97","30.35","31.91","29.71","-","-1.18%"
"Feb 26, 2021","31.34","30.30","32.99","30.30","-","12.25%"
"Feb 25, 2021","27.92","27.82","28.14","27.25","-","-3.49%"
"Feb 24, 2021","28.93","27.67","29.23","26.94","-","6.52%"
"Feb 23, 2021","27.16","28.07","29.22","26.98","-","-1.74%"
"Feb 22, 2021","27.64","27.36","28.01","26.76","-","2.90%"
"Feb 19, 2021","26.86","26.46","29.15","26.29","-","2.91%"
"Feb 18, 2021","26.10","25.85","26.41","25.21","-","2.03%"
"Feb 17, 2021","25.58","25.62","26.72","25.52","-","1.99%"
"Feb 16, 2021","25.08","26.35","26.47","25.08","-","-4.35%"
"Feb 15, 2021","26.22","27.26","27.29","26.01","-","-0.79%"
"Feb 10, 2021","26.43","25.16","27.04","24.51","-","4.84%"
"Feb 09, 2021","25.21","26.88","26.88","24.75","-","-7.76%"
"Feb 08, 2021","27.33","29.73","29.73","27.02","-","-4.61%"
"Feb 05, 2021","28.65","31.38","31.96","28.55","-","-10.64%"
"Feb 04, 2021","32.06","31.83","33.25","31.77","-","2.46%"
"Feb 03, 2021","31.29","33.15","33.16","31.24","-","-6.32%"
"Feb 02, 2021","33.40","33.40","34.96","33.32","-","-2.22%"
"Feb 01, 2021","34.16","37.44","37.50","34.13","-","-4.39%"
"Jan 29, 2021","35.73","32.59","37.04","32.19","-","7.98%"
"Jan 28, 2021","33.09","31.72","33.86","31.69","-","12.51%"
"Jan 27, 2021","29.41","29.70","30.42","29.39","-","-1.93%"
"Jan 26, 2021","29.99","29.22","30.81","28.96","-","3.52%"
"Jan 25, 2021","28.97","29.46","29.52","28.79","-","-1.33%"
"Jan 22, 2021","29.36","30.32","30.32","28.63","-","-4.15%"
"Jan 21, 2021","30.63","32.53","32.53","30.35","-","-8.07%"
"Jan 20, 2021","33.32","33.66","34.93","33.20","-","-2.23%"
"Jan 19, 2021","34.08","33.10","35.48","31.62","-","2.71%"
"Jan 18, 2021","33.18","32.62","33.65","32.20","-","5.13%"
"Jan 15, 2021","31.56","29.17","31.73","28.14","-","6.33%"
"Jan 14, 2021","29.68","31.79","32.03","29.44","-","-7.25%"
"Jan 13, 2021","32.00","34.51","34.61","31.97","-","-8.44%"
"Jan 12, 2021","34.95","35.99","36.57","33.81","-","-1.96%"
"Jan 11, 2021","35.65","29.63","36.58","29.45","-","22.17%"
"Jan 08, 2021","29.18","26.75","29.32","26.54","-","9.08%"
"Jan 07, 2021","26.75","27.41","27.41","26.05","-","-3.08%"
"Jan 06, 2021","27.60","27.01","28.28","26.77","-","5.26%"
"Jan 05, 2021","26.22","25.54","26.75","25.54","-","5.68%"
"Jan 04, 2021","24.81","24.08","25.05","24.01","-","12.31%"
"Dec 30, 2020","22.09","21.83","22.43","21.63","-","2.13%"
"Dec 29, 2020","21.63","22.95","23.26","21.62","-","-6.53%"
"Dec 28, 2020","23.14","22.88","23.21","22.76","-","7.48%"
"Dec 24, 2020","21.53","21.12","22.12","20.68","-","0.05%"
"Dec 23, 2020","21.52","22.13","22.84","21.52","-","-5.82%"
"Dec 22, 2020","22.85","21.18","23.00","21.10","-","11.25%"
"Dec 21, 2020","20.54","20.56","21.13","20.39","-","4.96%"
"Dec 18, 2020","19.57","19.78","19.87","19.53","-","-1.41%"
"Dec 17, 2020","19.85","20.36","20.40","19.75","-","-2.70%"
"Dec 16, 2020","20.40","20.93","20.93","20.35","-","-4.09%"
"Dec 15, 2020","21.27","21.74","22.08","21.00","-","0.09%"
"Dec 14, 2020","21.25","20.89","21.29","20.80","-","7.05%"
"Dec 11, 2020","19.85","19.67","19.97","19.48","-","-0.90%"
"Dec 10, 2020","20.03","20.72","20.87","19.92","-","-0.60%"
"Dec 09, 2020","20.15","20.63","20.63","20.07","-","-2.66%"
"Dec 08, 2020","20.70","21.31","21.35","20.60","-","-2.82%"
"Dec 07, 2020","21.30","21.69","21.72","21.11","-","1.38%"
"Dec 04, 2020","21.01","20.27","21.31","20.19","-","4.95%"
"Dec 03, 2020","20.02","20.17","20.20","19.86","-","-0.79%"
"Dec 02, 2020","20.18","20.54","20.57","20.13","-","-0.15%"
"Dec 01, 2020","20.21","20.55","20.71","20.10","-","-2.70%"
"Nov 30, 2020","20.77","20.35","20.85","20.34","-","5.65%"
"Nov 27, 2020","19.66","20.15","20.19","19.66","-","-1.70%"
"Nov 26, 2020","20.00","20.76","20.77","19.87","-","-3.94%"
"Nov 25, 2020","20.82","19.90","21.13","19.88","-","5.10%"
"Nov 24, 2020","19.81","19.54","19.81","19.26","-","0.10%"
"Nov 23, 2020","19.79","19.54","20.03","19.35","-","3.02%"
"Nov 20, 2020","19.21","19.61","19.66","19.09","-","-1.03%"
"Nov 19, 2020","19.41","19.93","20.00","19.38","-","-1.12%"
"Nov 18, 2020","19.63","19.64","19.75","19.24","-","-0.46%"
"Nov 17, 2020","19.72","20.43","20.43","19.47","-","-3.80%"
"Nov 16, 2020","20.50","20.48","20.91","20.42","-","3.69%"
"Nov 13, 2020","19.77","20.32","20.50","19.76","-","-0.40%"
"Nov 12, 2020","19.85","20.47","20.52","19.84","-","-4.01%"
"Nov 11, 2020","20.68","20.51","20.90","20.45","-","-1.62%"
"Nov 10, 2020","21.02","21.65","21.98","21.00","-","-2.59%"
"Nov 09, 2020","21.58","21.58","21.74","21.10","-","-0.74%"
"Nov 06, 2020","21.74","21.62","22.01","21.56","-","-1.90%"
"Nov 05, 2020","22.16","23.09","23.09","22.03","-","-10.46%"
"Nov 04, 2020","24.75","25.43","26.46","24.38","-","-6.74%"
"Nov 03, 2020","26.54","27.74","27.74","26.27","-","-7.36%"
"Nov 02, 2020","28.65","31.83","31.83","28.54","-","-10.38%"
"Oct 30, 2020","31.97","26.99","32.30","26.94","-","23.44%"
"Oct 29, 2020","25.90","25.39","27.10","25.28","-","11.21%"
"Oct 28, 2020","23.29","23.98","24.31","23.22","-","-1.23%"
"Oct 27, 2020","23.58","23.83","23.84","23.25","-","2.79%"
"Oct 26, 2020","22.94","22.72","22.96","22.50","-","4.75%"
"Oct 23, 2020","21.90","22.52","22.96","21.88","-","-2.84%"
"Oct 22, 2020","22.54","22.88","23.23","22.52","-","3.02%"
"Oct 21, 2020","21.88","22.33","22.62","21.88","-","-1.35%"
"Oct 20, 2020","22.18","22.79","23.47","22.18","-","-1.47%"
"Oct 19, 2020","22.51","22.31","22.55","21.89","-","2.18%"
"Oct 16, 2020","22.03","21.21","22.76","21.20","-","2.61%"
"Oct 15, 2020","21.47","21.25","22.00","21.17","-","2.38%"
"Oct 14, 2020","20.97","20.50","21.33","20.43","-","3.10%"
"Oct 13, 2020","20.34","20.07","21.24","20.07","-","-0.10%"
"Oct 12, 2020","20.36","21.32","21.34","20.36","-","-3.05%"
"Oct 08, 2020","21.00","20.99","21.91","20.99","-","-2.55%"
"Oct 07, 2020","21.55","22.81","22.87","21.55","-","-3.32%"
"Oct 06, 2020","22.29","23.10","23.12","22.18","-","-6.62%"
"Oct 05, 2020","23.87","25.32","25.49","23.81","-","-1.16%"
"Sep 29, 2020","24.15","24.73","24.75","24.11","-","-3.44%"
"Sep 28, 2020","25.01","26.32","26.38","25.01","-","-4.29%"
"Sep 25, 2020","26.13","26.46","27.15","26.13","-","-3.97%"
"Sep 24, 2020","27.21","26.33","27.56","26.33","-","10.43%"
"Sep 23, 2020","24.64","24.61","26.55","24.57","-","-2.22%"
"Sep 22, 2020","25.20","23.62","25.60","23.59","-","8.11%"
"Sep 21, 2020","23.31","22.68","23.52","22.22","-","7.97%"
"Sep 18, 2020","21.59","21.83","22.51","21.59","-","-3.23%"
"Sep 17, 2020","22.31","21.31","22.31","21.30","-","5.99%"
"Sep 16, 2020","21.05","21.21","21.27","20.73","-","0.38%"
"Sep 15, 2020","20.97","21.31","21.56","20.90","-","-1.46%"
"Sep 14, 2020","21.28","21.61","21.77","21.20","-","-1.85%"
"Sep 11, 2020","21.68","22.62","22.82","21.55","-","-2.08%"
"Sep 10, 2020","22.14","23.27","23.27","22.01","-","-10.47%"
"Sep 09, 2020","24.73","25.84","26.03","24.21","-","3.60%"
"Sep 08, 2020","23.87","25.01","25.29","23.87","-","-7.66%"
"Sep 07, 2020","25.85","27.83","27.93","25.85","-","-7.11%"
"Sep 04, 2020","27.83","28.26","28.54","27.22","-","10.00%"
"Sep 03, 2020","25.30","25.73","25.73","25.05","-","-3.66%"
"Sep 02, 2020","26.26","27.12","27.20","26.23","-","-4.82%"
"Sep 01, 2020","27.59","27.21","28.08","27.17","-","-0.65%"
"Aug 31, 2020","27.77","26.07","27.81","26.07","-","5.19%"
"Aug 28, 2020","26.40","26.95","26.98","25.89","-","-3.01%"
"Aug 27, 2020","27.22","26.10","27.23","25.87","-","7.00%"
"Aug 26, 2020","25.44","24.76","25.98","24.74","-","3.29%"
"Aug 25, 2020","24.63","26.39","26.39","24.55","-","-6.85%"
"Aug 24, 2020","26.44","28.19","28.23","26.44","-","-1.67%"
"Aug 21, 2020","26.89","26.15","27.35","25.74","-","-4.58%"
"Aug 20, 2020","28.18","24.96","28.22","24.66","-","15.59%"
"Aug 19, 2020","24.38","24.16","24.69","23.93","-","-3.29%"
"Aug 18, 2020","25.21","23.22","25.68","23.00","-","11.65%"
"Aug 14, 2020","22.58","22.14","23.51","22.10","-","2.08%"
"Aug 13, 2020","22.12","22.61","22.66","21.96","-","-3.24%"
"Aug 12, 2020","22.86","23.14","23.63","22.82","-","-0.52%"
"Aug 11, 2020","22.98","22.75","23.08","22.58","-","0.17%"
"Aug 10, 2020","22.94","22.77","22.98","22.54","-","3.94%"
"Aug 07, 2020","22.07","22.02","22.57","21.87","-","0.05%"
"Aug 06, 2020","22.06","21.74","22.42","21.66","-","2.22%"
"Aug 05, 2020","21.58","22.17","22.19","21.57","-","-3.75%"
"Aug 04, 2020","22.42","22.99","23.28","22.40","-","-4.68%"
"Aug 03, 2020","23.52","24.26","24.27","23.48","-","-0.21%"
"Jul 31, 2020","23.57","23.34","23.70","22.94","-","2.88%"
"Jul 30, 2020","22.91","23.27","23.27","22.72","-","-1.80%"
"Jul 29, 2020","23.33","23.21","23.63","23.19","-","1.79%"
"Jul 28, 2020","22.92","22.66","23.03","22.39","-","-0.17%"
"Jul 27, 2020","22.96","22.83","23.15","22.75","-","2.04%"
"Jul 24, 2020","22.50","21.43","22.61","21.36","-","7.14%"
"Jul 23, 2020","21.00","21.23","21.73","20.77","-","0.86%"
"Jul 22, 2020","20.82","21.09","21.14","20.74","-","-1.28%"
"Jul 21, 2020","21.09","21.58","21.61","21.06","-","-5.72%"
"Jul 20, 2020","22.37","22.98","23.14","22.30","-","0.13%"
"Jul 17, 2020","22.34","22.90","23.12","22.30","-","-4.86%"
"Jul 16, 2020","23.48","23.64","23.85","23.14","-","-0.63%"
"Jul 15, 2020","23.63","23.35","24.05","23.35","-","-3.35%"
"Jul 14, 2020","24.45","24.44","25.18","24.30","-","3.47%"
"Jul 13, 2020","23.63","24.20","24.25","23.40","-","-4.83%"
"Jul 10, 2020","24.83","24.56","24.96","23.73","-","6.20%"
"Jul 09, 2020","23.38","24.22","24.29","23.19","-","-6.63%"
"Jul 08, 2020","25.04","24.77","25.10","24.33","-","0.76%"
"Jul 07, 2020","24.85","23.62","25.07","23.62","-","3.46%"
"Jul 06, 2020","24.02","24.64","24.65","23.71","-","-3.07%"
"Jul 03, 2020","24.78","27.04","27.05","24.69","-","-9.73%"
"Jul 02, 2020","27.45","29.04","29.08","27.45","-","-8.19%"
"Jul 01, 2020","29.90","29.96","30.07","28.97","-","-3.77%"
"Jun 30, 2020","31.07","31.54","31.55","30.14","-","-7.47%"
"Jun 29, 2020","33.58","32.76","33.78","32.06","-","9.88%"
"Jun 26, 2020","30.56","32.14","32.14","30.06","-","-7.73%"
"Jun 25, 2020","33.12","31.86","33.20","31.65","-","9.67%"
"Jun 24, 2020","30.20","31.35","31.35","30.03","-","-4.82%"
"Jun 23, 2020","31.73","31.80","34.52","31.10","-","-6.76%"
"Jun 22, 2020","34.03","35.39","35.52","32.79","-","-0.03%"
"Jun 19, 2020","34.04","38.01","38.40","33.53","-","-8.74%"
"Jun 18, 2020","37.30","37.94","38.44","37.27","-","0.67%"
"Jun 17, 2020","37.05","36.17","38.60","36.17","-","3.20%"
"Jun 16, 2020","35.90","35.80","35.90","34.69","-","-9.55%"
"Jun 15, 2020","39.69","33.92","39.84","32.91","-","20.71%"
"Jun 12, 2020","32.88","33.20","34.44","31.16","-","22.73%"
"Jun 11, 2020","26.79","26.08","27.67","25.45","-","2.80%"
"Jun 10, 2020","26.06","26.41","26.55","25.93","-","-1.77%"
"Jun 09, 2020","26.53","26.75","27.60","26.08","-","-3.18%"
"Jun 08, 2020","27.40","26.27","27.66","26.21","-","7.66%"
"Jun 05, 2020","25.45","25.73","25.83","25.01","-","-0.93%"
"Jun 04, 2020","25.69","26.36","27.04","25.58","-","-0.19%"
"Jun 03, 2020","25.74","24.80","26.44","24.79","-","2.96%"
"Jun 02, 2020","25.00","25.44","25.62","24.96","-","0.24%"
"Jun 01, 2020","24.94","26.28","26.37","24.84","-","-2.73%"
"May 29, 2020","25.64","26.45","26.99","25.59","-","1.58%"
"May 28, 2020","25.24","23.95","26.11","23.88","-","3.15%"
"May 27, 2020","24.47","24.53","24.69","23.95","-","2.82%"
"May 26, 2020","23.80","25.14","25.29","23.70","-","-5.82%"
"May 25, 2020","25.27","27.38","27.90","25.27","-","-8.90%"
"May 22, 2020","27.74","24.07","28.09","23.95","-","17.69%"
"May 21, 2020","23.57","24.13","24.19","23.48","-","-5.15%"
"May 20, 2020","24.85","25.33","25.43","24.70","-","-0.60%"
"May 19, 2020","25.00","25.50","25.64","24.92","-","-7.54%"
"May 18, 2020","27.04","28.37","28.54","26.90","-","0.30%"
"May 15, 2020","26.96","26.38","27.83","26.35","-","0.63%"
"May 14, 2020","26.79","27.74","27.87","26.77","-","4.04%"
"May 13, 2020","25.75","29.40","29.40","25.70","-","-7.34%"
"May 12, 2020","27.79","29.67","30.73","27.15","-","-5.25%"
"May 11, 2020","29.33","28.18","29.60","27.65","-","1.95%"
"May 08, 2020","28.77","29.77","29.77","28.47","-","-8.11%"
"May 07, 2020","31.31","32.57","32.67","30.55","-","-1.57%"
"May 06, 2020","31.81","34.26","35.13","31.81","-","-12.51%"
"May 04, 2020","36.36","35.84","36.48","34.98","-","19.17%"
"Apr 29, 2020","30.51","32.96","32.99","30.45","-","-6.53%"
"Apr 28, 2020","32.64","34.56","34.94","32.63","-","-7.14%"
"Apr 27, 2020","35.15","37.01","37.02","35.00","-","-6.37%"
"Apr 24, 2020","37.54","35.93","37.77","35.83","-","8.94%"
"Apr 23, 2020","34.46","35.91","36.39","34.45","-","-5.72%"
"Apr 22, 2020","36.55","39.15","39.80","36.12","-","0.05%"
"Apr 21, 2020","36.53","34.70","41.74","34.25","-","9.73%"
"Apr 20, 2020","33.29","33.21","33.47","32.43","-","5.88%"
"Apr 17, 2020","31.44","31.95","31.95","30.83","-","-9.71%"
"Apr 16, 2020","34.82","37.35","38.18","34.82","-","-3.39%"
"Apr 14, 2020","36.04","38.29","38.36","35.96","-","-9.20%"
"Apr 13, 2020","39.69","38.24","39.92","38.02","-","10.74%"
"Apr 10, 2020","35.84","37.03","37.03","35.41","-","0.82%"
"Apr 09, 2020","35.55","38.53","39.87","35.55","-","-11.24%"
"Apr 08, 2020","40.05","37.46","40.11","37.24","-","10.82%"
"Apr 07, 2020","36.14","36.33","38.41","35.89","-","-5.54%"
"Apr 06, 2020","38.26","44.15","44.15","37.97","-","-15.62%"
"Apr 03, 2020","45.34","46.32","46.80","45.00","-","-4.02%"
"Apr 02, 2020","47.24","50.15","50.65","47.24","-","-5.52%"
"Apr 01, 2020","50.00","47.52","50.10","42.80","-","2.99%"
"Mar 31, 2020","48.55","52.83","52.90","48.34","-","-11.45%"
"Mar 30, 2020","54.83","55.88","57.11","53.79","-","0.38%"
"Mar 27, 2020","54.62","50.97","56.07","50.56","-","3.53%"
"Mar 26, 2020","52.76","50.79","53.01","50.05","-","6.97%"
"Mar 25, 2020","49.32","53.38","53.38","49.28","-","-8.29%"
"Mar 24, 2020","53.78","62.09","62.13","53.39","-","-13.95%"
"Mar 23, 2020","62.50","66.07","68.37","62.08","-","2.91%"
"Mar 20, 2020","60.73","71.29","71.29","60.29","-","-12.29%"
"Mar 19, 2020","69.24","62.70","71.75","60.80","-","10.25%"
"Mar 18, 2020","62.80","62.22","62.80","57.58","-","-2.62%"
"Mar 17, 2020","64.49","67.88","70.51","61.79","-","-0.11%"
"Mar 16, 2020","64.56","57.76","64.68","55.33","-","19.87%"
"Mar 13, 2020","53.86","51.07","60.71","48.86","-","25.05%"
"Mar 12, 2020","43.07","38.45","47.71","38.23","-","14.55%"
"Mar 11, 2020","37.60","34.51","38.27","34.47","-","8.05%"
"Mar 10, 2020","34.80","36.82","37.15","34.48","-","-3.89%"
"Mar 09, 2020","36.21","33.05","36.91","32.75","-","31.82%"
"Mar 06, 2020","27.47","26.43","28.00","26.13","-","16.10%"
"Mar 05, 2020","23.66","25.73","25.73","23.42","-","-11.58%"
"Mar 04, 2020","26.76","29.23","29.24","26.60","-","-9.26%"
"Mar 03, 2020","29.49","28.89","29.92","27.84","-","-9.71%"
"Mar 02, 2020","32.66","35.08","36.76","31.89","-","-3.40%"
"Feb 28, 2020","33.81","32.10","34.13","30.62","-","25.97%"
"Feb 27, 2020","26.84","25.48","27.62","25.24","-","6.93%"
"Feb 26, 2020","25.10","25.15","25.33","24.36","-","10.48%"
"Feb 25, 2020","22.72","23.73","24.32","22.64","-","-3.93%"
"Feb 24, 2020","23.65","22.81","23.74","22.67","-","19.44%"
"Feb 21, 2020","19.80","19.35","19.80","19.15","-","8.55%"
"Feb 20, 2020","18.24","18.07","19.17","17.72","-","0.27%"
"Feb 19, 2020","18.19","17.99","18.64","17.90","-","-0.33%"
"Feb 18, 2020","18.25","17.64","18.30","17.56","-","6.35%"
"Feb 17, 2020","17.16","17.60","17.67","16.99","-","1.84%"
"Feb 14, 2020","16.85","16.92","17.13","16.76","-","1.02%"
"Feb 13, 2020","16.68","16.65","17.09","16.27","-","-1.59%"
"Feb 12, 2020","16.95","18.19","18.27","16.78","-","-6.66%"
"Feb 11, 2020","18.16","17.61","18.64","17.39","-","-0.33%"
"Feb 10, 2020","18.22","18.89","19.01","18.16","-","3.94%"
"Feb 07, 2020","17.53","17.70","18.20","17.53","-","-1.57%"
"Feb 06, 2020","17.81","17.58","17.97","17.25","-","-2.30%"
"Feb 05, 2020","18.23","18.01","18.55","17.77","-","-0.87%"
"Feb 04, 2020","18.39","18.75","18.84","18.10","-","-4.81%"
"Feb 03, 2020","19.32","21.61","21.72","19.17","-","0.16%"
"Jan 31, 2020","19.29","17.97","19.56","17.56","-","4.95%"
"Jan 30, 2020","18.38","17.18","18.49","16.89","-","8.18%"
"Jan 29, 2020","16.99","17.90","18.32","16.48","-","-7.26%"
"Jan 28, 2020","18.32","17.48","19.05","17.41","-","19.74%"
"Jan 23, 2020","15.30","14.88","15.47","14.87","-","7.07%"
"Jan 22, 2020","14.29","14.43","14.46","14.20","-","-0.83%"
"Jan 21, 2020","14.41","13.84","14.41","13.81","-","5.65%"
"Jan 20, 2020","13.64","13.93","14.04","13.62","-","0.29%"
"Jan 17, 2020","13.60","13.60","13.83","13.50","-","0.15%"
"Jan 16, 2020","13.58","13.44","13.71","13.25","-","1.57%"
"Jan 15, 2020","13.37","13.65","13.69","13.30","-","-0.30%"
"Jan 14, 2020","13.41","13.30","13.48","13.09","-","1.13%"
"Jan 13, 2020","13.26","13.23","13.31","12.95","-","3.51%"
"Jan 10, 2020","12.81","13.46","13.46","12.81","-","-5.67%"
"Jan 09, 2020","13.58","14.62","14.78","13.58","-","-14.97%"
"Jan 08, 2020","15.97","16.30","17.07","15.57","-","5.90%"
"Jan 07, 2020","15.08","15.44","15.45","14.92","-","-5.04%"
"Jan 06, 2020","15.88","16.54","16.54","15.84","-","0.00%"
"Jan 03, 2020","15.88","15.34","16.18","15.17","-","3.12%"
"Jan 02, 2020","15.40","15.33","15.64","15.12","-","4.83%"
"Dec 30, 2019","14.69","14.86","15.00","14.69","-","3.96%"
"Dec 27, 2019","14.13","14.36","14.72","14.13","-","-0.14%"
"Dec 26, 2019","14.15","14.11","14.20","14.03","-","2.46%"
"Dec 24, 2019","13.81","14.16","14.23","13.81","-","-1.15%"
"Dec 23, 2019","13.97","13.57","14.05","13.57","-","6.80%"
"Dec 20, 2019","13.08","13.21","13.48","13.05","-","-0.91%"
"Dec 19, 2019","13.20","13.20","13.21","12.93","-","1.46%"
"Dec 18, 2019","13.01","13.14","13.28","12.96","-","-0.31%"
"Dec 17, 2019","13.05","13.07","13.17","12.82","-","-1.66%"
"Dec 16, 2019","13.27","13.49","13.55","13.22","-","1.14%"
"Dec 13, 2019","13.12","13.65","13.69","12.91","-","-2.02%"
"Dec 12, 2019","13.39","13.32","13.71","13.28","-","-0.07%"
"Dec 11, 2019","13.40","13.42","13.54","13.12","-","0.53%"
"Dec 10, 2019","13.33","13.73","13.75","13.33","-","-2.06%"
"Dec 09, 2019","13.61","14.03","14.11","13.50","-","-2.16%"
"Dec 06, 2019","13.91","14.34","14.36","13.81","-","-4.40%"
"Dec 05, 2019","14.55","14.05","14.95","13.98","-","1.25%"
"Dec 04, 2019","14.37","14.64","14.83","14.34","-","0.77%"
"Dec 03, 2019","14.26","14.68","14.74","14.10","-","2.15%"
"Dec 02, 2019","13.96","14.03","14.14","13.81","-","0.00%"
"Nov 29, 2019","13.96","13.94","14.36","13.79","-","1.38%"
"Nov 28, 2019","13.77","14.09","14.19","13.77","-","-0.58%"
"Nov 27, 2019","13.85","14.33","14.44","13.75","-","-2.53%"
"Nov 26, 2019","14.21","13.97","14.28","13.45","-","2.16%"
"Nov 25, 2019","13.91","14.05","14.09","13.75","-","0.22%"
"Nov 22, 2019","13.88","14.49","14.58","13.81","-","-4.41%"
"Nov 21, 2019","14.52","14.39","15.38","14.39","-","2.91%"
"Nov 20, 2019","14.11","13.85","14.18","13.74","-","4.36%"
"Nov 19, 2019","13.52","13.50","13.81","13.46","-","1.35%"
"Nov 18, 2019","13.34","13.78","13.78","13.34","-","1.75%"
"Nov 15, 2019","13.11","13.27","13.39","13.11","-","-2.31%"
"Nov 14, 2019","13.42","13.66","13.66","13.28","-","-3.10%"
"Nov 13, 2019","13.85","13.75","14.00","13.69","-","1.47%"
"Nov 12, 2019","13.65","14.05","14.14","13.59","-","-3.94%"
"Nov 11, 2019","14.21","14.18","14.21","13.88","-","3.05%"
"Nov 08, 2019","13.79","13.63","13.85","13.52","-","0.07%"
"Nov 07, 2019","13.78","13.86","13.88","13.45","-","-0.79%"
"Nov 06, 2019","13.89","13.49","13.92","13.46","-","3.50%"
"Nov 05, 2019","13.42","13.50","13.54","13.15","-","0.75%"
"Nov 04, 2019","13.32","13.48","13.48","13.28","-","0.76%"
"Nov 01, 2019","13.22","13.72","13.73","13.22","-","-2.72%"
"Oct 31, 2019","13.59","13.50","13.70","13.26","-","-1.88%"
"Oct 30, 2019","13.85","13.93","13.98","13.66","-","2.74%"
"Oct 29, 2019","13.48","13.56","13.70","13.42","-","-1.17%"
"Oct 28, 2019","13.64","13.61","13.82","13.54","-","1.64%"
"Oct 25, 2019","13.42","13.44","13.54","13.29","-","1.67%"
"Oct 24, 2019","13.20","13.33","13.68","13.13","-","-0.15%"
"Oct 23, 2019","13.22","13.41","13.57","13.22","-","0.99%"
"Oct 22, 2019","13.09","13.67","13.68","13.01","-","-5.42%"
"Oct 21, 2019","13.84","14.24","14.31","13.84","-","-0.07%"
"Oct 18, 2019","13.85","13.33","13.98","13.26","-","3.82%"
"Oct 17, 2019","13.34","13.45","13.51","13.28","-","0.53%"
"Oct 16, 2019","13.27","13.32","13.65","13.17","-","-3.84%"
"Oct 15, 2019","13.80","14.29","14.31","13.78","-","-3.50%"
"Oct 14, 2019","14.30","14.32","14.43","14.21","-","-3.64%"
"Oct 11, 2019","14.84","15.05","15.06","14.55","-","-5.05%"
"Oct 10, 2019","15.63","16.01","16.78","15.60","-","1.69%"
"Oct 08, 2019","15.37","16.28","16.30","15.27","-","-5.42%"
"Oct 07, 2019","16.25","16.27","16.63","16.06","-","-0.37%"
"Oct 04, 2019","16.31","16.02","16.34","15.46","-","2.84%"
"Oct 02, 2019","15.86","15.83","16.20","15.73","-","6.51%"
"Oct 01, 2019","14.89","15.28","15.31","14.88","-","-1.72%"
"Sep 30, 2019","15.15","15.57","15.58","15.04","-","2.02%"
"Sep 27, 2019","14.85","15.25","15.35","14.77","-","-1.39%"
"Sep 26, 2019","15.06","15.52","15.61","14.94","-","-3.59%"
"Sep 25, 2019","15.62","15.09","15.63","15.07","-","6.33%"
"Sep 24, 2019","14.69","14.74","14.90","14.62","-","-0.07%"
"Sep 23, 2019","14.70","14.76","14.80","14.62","-","4.40%"
"Sep 20, 2019","14.08","14.48","14.49","14.07","-","-1.26%"
"Sep 19, 2019","14.26","14.72","14.72","14.17","-","-3.39%"
"Sep 18, 2019","14.76","14.95","15.06","14.73","-","0.89%"
"Sep 17, 2019","14.63","14.60","14.70","14.55","-","1.53%"
"Sep 16, 2019","14.41","14.75","14.79","14.40","-","6.74%"
"Sep 11, 2019","13.50","13.33","14.03","13.33","-","0.52%"
"Sep 10, 2019","13.43","14.19","14.22","13.43","-","-6.54%"
"Sep 09, 2019","14.37","14.44","14.52","14.05","-","-1.17%"
"Sep 06, 2019","14.54","14.69","14.74","14.23","-","-3.52%"
"Sep 05, 2019","15.07","15.69","15.86","15.07","-","-5.64%"
"Sep 04, 2019","15.97","16.42","16.43","15.83","-","-3.39%"
"Sep 03, 2019","16.53","16.29","16.57","16.25","-","2.35%"
"Sep 02, 2019","16.15","16.36","16.36","15.92","-","2.54%"
"Aug 30, 2019","15.75","15.63","15.92","15.63","-","-6.31%"
"Aug 29, 2019","16.81","16.54","16.96","16.39","-","2.13%"
"Aug 28, 2019","16.46","16.53","16.72","16.34","-","-1.20%"
"Aug 27, 2019","16.66","16.59","16.79","16.28","-","-3.87%"
"Aug 26, 2019","17.33","17.43","17.83","17.06","-","11.45%"
"Aug 23, 2019","15.55","15.54","15.66","15.45","-","2.10%"
"Aug 22, 2019","15.23","15.05","15.37","14.98","-","0.33%"
"Aug 21, 2019","15.18","15.19","15.25","15.01","-","1.27%"
"Aug 20, 2019","14.99","16.29","16.32","14.84","-","-8.65%"
"Aug 19, 2019","16.41","16.93","17.04","16.34","-","-3.81%"
"Aug 16, 2019","17.06","17.76","17.97","17.04","-","6.03%"
"Aug 14, 2019","16.09","15.80","16.21","15.72","-","-6.72%"
"Aug 13, 2019","17.25","16.47","17.25","16.03","-","12.45%"
"Aug 12, 2019","15.34","16.38","16.47","15.34","-","-3.58%"
"Aug 09, 2019","15.91","15.66","16.04","15.64","-","-3.40%"
"Aug 08, 2019","16.47","18.61","18.84","16.47","-","-14.40%"
"Aug 07, 2019","19.24","19.86","20.40","19.09","-","-6.69%"
"Aug 06, 2019","20.62","22.65","23.82","18.65","-","8.07%"
"Aug 05, 2019","19.08","16.66","19.14","16.54","-","19.18%"
"Aug 02, 2019","16.01","16.44","16.97","15.87","-","5.19%"
"Aug 01, 2019","15.22","15.85","15.87","14.97","-","-0.46%"
"Jul 31, 2019","15.29","15.34","16.39","14.95","-","2.21%"
"Jul 30, 2019","14.96","15.06","15.19","14.71","-","-0.80%"
"Jul 29, 2019","15.08","15.00","15.47","14.81","-","5.16%"
"Jul 26, 2019","14.34","14.57","14.79","14.33","-","1.77%"
"Jul 25, 2019","14.09","14.17","14.43","13.95","-","2.47%"
"Jul 24, 2019","13.75","13.35","14.00","13.28","-","4.48%"
"Jul 23, 2019","13.16","13.58","13.58","13.16","-","-3.73%"
"Jul 22, 2019","13.67","13.78","13.88","13.67","-","4.27%"
"Jul 19, 2019","13.11","13.24","13.42","13.10","-","-5.00%"
"Jul 18, 2019","13.80","13.36","13.83","13.33","-","5.83%"
"Jul 17, 2019","13.04","12.94","13.44","12.92","-","3.74%"
"Jul 16, 2019","12.57","12.89","13.01","12.56","-","-3.53%"
"Jul 15, 2019","13.03","13.51","13.51","12.98","-","1.72%"
"Jul 12, 2019","12.81","13.87","13.88","12.74","-","-8.24%"
"Jul 11, 2019","13.96","13.85","14.07","13.16","-","-4.58%"
"Jul 10, 2019","14.63","14.21","14.66","14.05","-","1.39%"
"Jul 09, 2019","14.43","14.41","14.43","14.08","-","-0.35%"
"Jul 08, 2019","14.48","13.83","14.66","13.56","-","10.03%"
"Jul 05, 2019","13.16","13.31","13.36","13.02","-","0.08%"
"Jul 04, 2019","13.15","13.39","13.46","13.10","-","-2.59%"
"Jul 03, 2019","13.50","13.32","13.70","13.23","-","0.67%"
"Jul 02, 2019","13.41","13.98","14.06","13.39","-","-4.42%"
"Jul 01, 2019","14.03","14.16","14.32","13.95","-","-2.77%"
"Jun 28, 2019","14.43","14.22","14.49","14.14","-","3.52%"
"Jun 27, 2019","13.94","14.15","14.37","13.94","-","-0.78%"
"Jun 26, 2019","14.05","14.40","14.41","14.05","-","-0.28%"
"Jun 25, 2019","14.09","14.14","14.26","13.77","-","0.71%"
"Jun 24, 2019","13.99","14.43","14.46","13.81","-","1.60%"
"Jun 21, 2019","13.77","13.95","14.06","13.71","-","0.73%"
"Jun 20, 2019","13.67","14.32","14.32","13.67","-","-5.07%"
"Jun 19, 2019","14.40","14.45","14.49","14.30","-","-0.96%"
"Jun 18, 2019","14.54","14.60","14.70","14.50","-","-0.95%"
"Jun 17, 2019","14.68","15.01","15.01","14.60","-","1.94%"
"Jun 14, 2019","14.40","15.05","15.12","14.33","-","-3.29%"
"Jun 13, 2019","14.89","14.88","15.42","14.51","-","-0.47%"
"Jun 12, 2019","14.96","15.02","15.11","14.86","-","0.74%"
"Jun 11, 2019","14.85","15.04","15.07","14.78","-","-0.60%"
"Jun 10, 2019","14.94","15.89","15.99","14.94","-","-5.38%"
"Jun 07, 2019","15.79","16.58","16.59","15.75","-","-4.07%"
"Jun 05, 2019","16.46","17.00","17.02","16.28","-","-5.40%"
"Jun 04, 2019","17.40","17.47","17.66","17.32","-","0.46%"
"Jun 03, 2019","17.32","18.21","18.25","17.32","-","0.00%"
"May 31, 2019","17.32","17.23","17.34","16.83","-","3.90%"
"May 30, 2019","16.67","17.01","17.35","16.67","-","-3.75%"
"May 29, 2019","17.32","17.69","17.85","17.24","-","1.82%"
"May 28, 2019","17.01","17.19","17.34","16.79","-","-0.35%"
"May 27, 2019","17.07","17.27","17.30","16.95","-","2.46%"
"May 24, 2019","16.66","16.74","17.13","16.66","-","1.59%"
"May 23, 2019","16.40","16.31","16.84","16.21","-","1.86%"
"May 22, 2019","16.10","15.56","16.16","15.52","-","2.81%"
"May 21, 2019","15.66","15.92","16.05","15.38","-","-1.51%"
"May 20, 2019","15.90","16.11","16.13","15.77","-","-0.81%"
"May 17, 2019","16.03","16.13","16.39","15.67","-","-3.43%"
"May 16, 2019","16.60","16.57","17.14","16.49","-","-0.18%"
"May 15, 2019","16.63","17.69","17.74","16.45","-","-7.87%"
"May 14, 2019","18.05","19.00","19.19","17.66","-","-1.80%"
"May 13, 2019","18.38","18.84","18.84","17.88","-","-0.81%"
"May 10, 2019","18.53","17.53","19.97","17.53","-","1.37%"
"May 09, 2019","18.28","15.98","19.92","15.98","-","15.48%"
"May 08, 2019","15.83","15.97","15.99","15.23","-","8.35%"
"May 07, 2019","14.61","15.14","15.47","14.53","-","7.90%"
"May 03, 2019","13.54","13.70","13.85","13.43","-","-1.31%"
"May 02, 2019","13.72","13.70","13.83","13.32","-","3.31%"
"Apr 30, 2019","13.28","13.30","13.68","13.14","-","0.45%"
"Apr 29, 2019","13.22","13.10","13.30","12.76","-","1.85%"
"Apr 26, 2019","12.98","13.54","13.58","12.93","-","0.78%"
"Apr 25, 2019","12.88","13.25","13.28","12.87","-","-0.16%"
"Apr 24, 2019","12.90","12.88","13.42","12.79","-","1.42%"
"Apr 23, 2019","12.72","12.96","12.99","12.64","-","-1.32%"
"Apr 22, 2019","12.89","13.12","13.14","12.72","-","3.53%"
"Apr 19, 2019","12.45","12.71","12.83","12.44","-","-3.11%"
"Apr 18, 2019","12.85","12.88","13.13","12.78","-","1.58%"
"Apr 17, 2019","12.65","12.81","12.82","12.65","-","-0.08%"
"Apr 16, 2019","12.66","13.04","13.08","12.62","-","-2.01%"
"Apr 15, 2019","12.92","12.84","13.04","12.78","-","4.11%"
"Apr 12, 2019","12.41","12.70","12.76","12.33","-","0.98%"
"Apr 11, 2019","12.29","12.62","12.63","12.10","-","-59.57%"
"Apr 10, 2019","30.40","12.91","30.41","12.61","-","139.94%"
"Apr 09, 2019","12.67","13.10","13.19","12.65","-","-3.65%"
"Apr 08, 2019","13.15","13.86","13.90","13.09","-","-3.24%"
"Apr 05, 2019","13.59","13.66","13.84","13.47","-","-0.07%"
"Apr 04, 2019","13.60","13.49","13.60","13.30","-","2.33%"
"Apr 03, 2019","13.29","13.40","13.43","13.10","-","-0.37%"
"Apr 02, 2019","13.34","13.42","13.65","13.33","-","-2.84%"
"Apr 01, 2019","13.73","13.80","13.90","13.65","-","-3.92%"
"Mar 29, 2019","14.29","14.84","14.91","14.08","-","-4.22%"
"Mar 28, 2019","14.92","15.07","15.39","14.92","-","1.70%"
"Mar 27, 2019","14.67","15.30","15.40","14.62","-","-1.01%"
"Mar 26, 2019","14.82","14.78","14.99","14.61","-","-1.59%"
"Mar 25, 2019","15.06","14.67","15.18","14.63","-","14.96%"
"Mar 22, 2019","13.10","13.35","13.36","13.09","-","-2.82%"
"Mar 21, 2019","13.48","13.72","13.90","13.41","-","-3.37%"
"Mar 20, 2019","13.95","13.94","14.70","13.93","-","2.57%"
"Mar 19, 2019","13.60","14.31","14.35","13.60","-","-2.16%"
"Mar 18, 2019","13.90","14.23","14.32","13.89","-","2.21%"
"Mar 15, 2019","13.60","13.92","14.27","13.43","-","-2.58%"
"Mar 14, 2019","13.96","14.33","14.67","13.79","-","-5.61%"
"Mar 13, 2019","14.79","14.77","15.44","14.44","-","1.30%"
"Mar 12, 2019","14.60","14.65","14.90","14.47","-","-6.29%"
"Mar 11, 2019","15.58","15.33","15.98","15.30","-","2.70%"
"Mar 08, 2019","15.17","14.94","15.34","14.71","-","4.26%"
"Mar 07, 2019","14.55","14.78","15.14","14.55","-","0.14%"
"Mar 06, 2019","14.53","14.93","14.97","14.52","-","-1.49%"
"Mar 05, 2019","14.75","15.29","15.31","14.75","-","-1.73%"
"Mar 04, 2019","15.01","14.80","15.07","14.61","-","-3.10%"
"Feb 28, 2019","15.49","15.10","15.66","14.86","-","6.53%"
"Feb 27, 2019","14.54","14.70","14.78","14.22","-","-0.62%"
"Feb 26, 2019","14.63","14.80","14.91","14.51","-","0.27%"
"Feb 25, 2019","14.59","14.79","15.05","14.59","-","2.75%"
"Feb 22, 2019","14.20","14.86","14.91","14.17","-","-2.27%"
"Feb 21, 2019","14.53","14.80","14.93","14.51","-","-0.75%"
"Feb 20, 2019","14.64","14.95","15.03","14.60","-","-3.37%"
"Feb 19, 2019","15.15","15.48","15.53","14.70","-","6.02%"
"Feb 18, 2019","14.29","14.25","14.93","14.25","-","0.35%"
"Feb 15, 2019","14.24","13.94","14.67","13.79","-","3.49%"
"Feb 14, 2019","13.76","15.69","15.69","13.40","-","-12.75%"
"Feb 13, 2019","15.77","14.83","15.77","14.74","-","5.98%"
"Feb 12, 2019","14.88","14.70","14.88","14.54","-","0.07%"
"Feb 11, 2019","14.87","15.17","15.18","14.67","-","0.27%"
"Feb 08, 2019","14.83","15.15","15.47","14.76","-","0.54%"
"Feb 07, 2019","14.75","15.24","15.26","14.66","-","-0.74%"
"Feb 01, 2019","14.86","15.60","15.60","14.72","-","-4.19%"
"Jan 31, 2019","15.51","16.14","16.16","15.51","-","-8.71%"
"Jan 30, 2019","16.99","15.56","17.04","15.53","-","11.92%"
"Jan 29, 2019","15.18","15.23","15.46","15.14","-","1.61%"
"Jan 28, 2019","14.94","14.96","15.14","14.85","-","3.61%"
"Jan 25, 2019","14.42","13.91","14.89","13.91","-","2.78%"
"Jan 24, 2019","14.03","14.63","14.72","14.00","-","-5.20%"
"Jan 23, 2019","14.80","15.13","15.22","14.80","-","-0.87%"
"Jan 22, 2019","14.93","14.84","15.03","14.62","-","1.98%"
"Jan 21, 2019","14.64","14.95","15.18","14.64","-","2.23%"
"Jan 18, 2019","14.32","14.85","14.91","14.31","-","-4.41%"
"Jan 17, 2019","14.98","14.81","15.08","14.65","-","2.46%"
"Jan 16, 2019","14.62","14.95","15.06","14.62","-","-2.92%"
"Jan 15, 2019","15.06","14.58","15.17","14.29","-","0.60%"
"Jan 14, 2019","14.97","15.16","15.21","14.66","-","2.04%"
"Jan 11, 2019","14.67","14.73","15.21","14.39","-","-2.27%"
"Jan 10, 2019","15.01","15.38","15.92","14.84","-","-2.85%"
"Jan 09, 2019","15.45","15.44","15.56","15.35","-","-4.22%"
"Jan 08, 2019","16.13","16.31","16.38","15.89","-","-3.24%"
"Jan 07, 2019","16.67","17.15","17.16","16.48","-","-7.18%"
"Jan 04, 2019","17.96","19.16","19.23","17.96","-","-6.70%"
"Jan 03, 2019","19.25","19.64","19.70","19.08","-","-2.48%"
"Jan 02, 2019","19.74","18.95","20.19","18.92","-","3.95%"
"Dec 28, 2018","18.99","18.88","19.14","18.85","-","-1.40%"
"Dec 27, 2018","19.26","20.54","20.55","19.10","-","-11.41%"
"Dec 26, 2018","21.74","21.08","22.52","20.97","-","11.54%"
"Dec 24, 2018","19.49","19.75","19.95","19.46","-","4.39%"
"Dec 21, 2018","18.67","18.83","19.17","18.65","-","0.54%"
"Dec 20, 2018","18.57","18.39","19.01","17.54","-","4.03%"
"Dec 19, 2018","17.85","17.92","18.03","17.64","-","-0.72%"
"Dec 18, 2018","17.98","17.96","18.42","17.32","-","3.10%"
"Dec 17, 2018","17.44","17.85","18.02","17.15","-","-1.19%"
"Dec 14, 2018","17.65","15.67","18.01","15.67","-","11.22%"
"Dec 13, 2018","15.87","17.03","17.03","15.87","-","-8.00%"
"Dec 12, 2018","17.25","18.19","18.25","17.13","-","-7.36%"
"Dec 11, 2018","18.62","19.55","19.69","18.62","-","-6.05%"
"Dec 10, 2018","19.82","20.09","20.45","19.54","-","9.20%"
"Dec 07, 2018","18.15","18.07","18.88","18.01","-","-4.27%"
"Dec 06, 2018","18.96","17.79","19.09","17.69","-","10.88%"
"Dec 05, 2018","17.10","17.75","17.80","17.06","-","2.09%"
"Dec 04, 2018","16.75","16.69","17.00","16.35","-","0.78%"
"Dec 03, 2018","16.62","17.22","17.25","16.50","-","-10.50%"
"Nov 30, 2018","18.57","18.30","18.75","18.14","-","3.22%"
"Nov 29, 2018","17.99","17.25","18.19","17.19","-","2.57%"
"Nov 28, 2018","17.54","17.62","17.87","17.52","-","0.46%"
"Nov 27, 2018","17.46","17.65","17.88","17.34","-","-2.02%"
"Nov 26, 2018","17.82","18.57","18.71","17.79","-","-3.57%"
"Nov 23, 2018","18.48","18.36","18.96","18.29","-","0.38%"
"Nov 22, 2018","18.41","18.74","18.88","18.41","-","-2.64%"
"Nov 21, 2018","18.91","19.49","19.63","18.79","-","1.94%"
"Nov 20, 2018","18.55","18.67","18.68","18.20","-","4.68%"
"Nov 19, 2018","17.72","17.57","18.28","17.44","-","-2.37%"
"Nov 16, 2018","18.15","17.71","18.27","17.57","-","-0.93%"
"Nov 15, 2018","18.32","18.76","19.64","18.27","-","-3.27%"
"Nov 14, 2018","18.94","18.30","19.05","18.21","-","1.72%"
"Nov 13, 2018","18.62","18.61","19.92","18.23","-","11.56%"
"Nov 12, 2018","16.69","16.91","17.02","16.36","-","5.70%"
"Nov 09, 2018","15.79","15.80","16.01","14.92","-","-4.88%"
"Nov 08, 2018","16.60","17.15","17.60","16.59","-","-13.77%"
"Nov 07, 2018","19.25","19.68","19.71","18.57","-","-3.22%"
"Nov 06, 2018","19.89","19.67","20.48","18.97","-","0.81%"
"Nov 05, 2018","19.73","19.20","20.56","19.18","-","8.95%"
"Nov 02, 2018","18.11","18.74","24.86","17.75","-","-8.07%"
"Nov 01, 2018","19.70","19.42","19.90","18.38","-","-3.86%"
"Oct 31, 2018","20.49","21.94","21.94","20.33","-","-6.48%"
"Oct 30, 2018","21.91","22.89","23.19","21.21","-","-4.86%"
"Oct 29, 2018","23.03","22.33","23.05","21.32","-","2.72%"
"Oct 26, 2018","22.42","21.68","24.34","21.18","-","8.41%"
"Oct 25, 2018","20.68","22.34","23.11","20.67","-","9.24%"
"Oct 24, 2018","18.93","18.39","19.16","17.94","-","-0.58%"
"Oct 23, 2018","19.04","17.03","19.79","17.03","-","17.24%"
"Oct 22, 2018","16.24","17.17","17.22","16.07","-","1.75%"
"Oct 19, 2018","15.96","17.37","17.79","15.90","-","-2.68%"
"Oct 18, 2018","16.40","16.68","16.71","15.75","-","1.99%"
"Oct 17, 2018","16.08","16.20","16.82","16.02","-","-10.91%"
"Oct 16, 2018","18.05","17.73","18.46","17.56","-","-1.90%"
"Oct 15, 2018","18.40","18.20","18.67","17.72","-","7.10%"
"Oct 12, 2018","17.18","19.30","19.30","16.58","-","-11.85%"
"Oct 11, 2018","19.49","18.01","20.16","17.38","-","32.40%"
"Oct 10, 2018","14.72","14.10","15.21","14.08","-","5.07%"
"Oct 08, 2018","14.01","13.83","14.05","13.53","-","7.27%"
"Oct 05, 2018","13.06","12.91","13.52","12.74","-","1.01%"
"Oct 04, 2018","12.93","12.25","12.94","12.21","-","9.48%"
"Oct 02, 2018","11.81","11.58","11.97","11.35","-","1.81%"
"Oct 01, 2018","11.60","11.73","11.97","11.45","-","3.20%"
"Sep 28, 2018","11.24","11.46","11.49","11.21","-","-0.97%"
"Sep 27, 2018","11.35","11.92","11.92","11.35","-","2.34%"
"Sep 21, 2018","11.09","11.20","11.21","10.99","-","1.09%"
"Sep 20, 2018","10.97","11.18","11.20","10.87","-","-3.94%"
"Sep 19, 2018","11.42","11.73","11.85","11.42","-","-1.72%"
"Sep 18, 2018","11.62","11.94","11.98","11.60","-","0.52%"
"Sep 17, 2018","11.56","11.46","11.73","11.40","-","8.44%"
"Sep 14, 2018","10.66","11.28","11.29","10.64","-","-7.38%"
"Sep 13, 2018","11.51","11.74","11.92","11.50","-","-4.16%"
"Sep 12, 2018","12.01","12.27","12.42","11.97","-","-2.28%"
"Sep 11, 2018","12.29","12.19","12.91","12.15","-","-2.15%"
"Sep 10, 2018","12.56","13.07","13.11","12.53","-","-1.26%"
"Sep 07, 2018","12.72","13.44","13.53","12.55","-","2.25%"
"Sep 06, 2018","12.44","12.52","12.61","12.07","-","-1.27%"
"Sep 05, 2018","12.60","11.93","12.65","11.74","-","8.34%"
"Sep 04, 2018","11.63","12.06","12.11","11.60","-","-3.00%"
"Sep 03, 2018","11.99","12.05","12.26","11.93","-","3.01%"
"Aug 31, 2018","11.64","11.81","11.87","11.60","-","1.84%"
"Aug 30, 2018","11.43","11.48","11.51","11.20","-","0.44%"
"Aug 29, 2018","11.38","11.70","11.74","11.32","-","-2.40%"
"Aug 28, 2018","11.66","11.62","11.78","11.48","-","-0.68%"
"Aug 27, 2018","11.74","11.92","11.94","11.71","-","1.12%"
"Aug 24, 2018","11.61","12.12","12.29","11.61","-","-3.33%"
"Aug 23, 2018","12.01","12.22","12.50","11.91","-","-2.28%"
"Aug 22, 2018","12.29","12.70","12.70","12.11","-","-1.13%"
"Aug 21, 2018","12.43","13.66","13.71","12.43","-","-8.87%"
"Aug 20, 2018","13.64","13.24","14.17","13.17","-","-1.09%"
"Aug 17, 2018","13.79","14.04","14.09","13.44","-","-3.70%"
"Aug 16, 2018","14.32","15.28","15.81","14.19","-","9.06%"
"Aug 14, 2018","13.13","14.06","14.06","12.93","-","-7.60%"
"Aug 13, 2018","14.21","13.33","15.06","13.26","-","17.05%"
"Aug 10, 2018","12.14","11.85","12.23","11.50","-","6.12%"
"Aug 09, 2018","11.44","12.10","12.13","11.39","-","-4.83%"
"Aug 08, 2018","12.02","11.95","12.09","11.81","-","-0.17%"
"Aug 07, 2018","12.04","12.52","12.65","12.04","-","-3.60%"
"Aug 06, 2018","12.49","12.46","12.58","12.18","-","0.73%"
"Aug 03, 2018","12.40","13.36","13.36","12.40","-","-7.94%"
"Aug 02, 2018","13.47","12.55","13.82","12.34","-","7.67%"
"Aug 01, 2018","12.51","12.80","12.80","12.51","-","-4.14%"
"Jul 31, 2018","13.05","13.35","13.46","13.04","-","-1.14%"
"Jul 30, 2018","13.20","13.42","13.54","13.12","-","4.18%"
"Jul 27, 2018","12.67","13.15","13.16","12.67","-","-3.80%"
"Jul 26, 2018","13.17","13.99","14.03","13.17","-","-5.18%"
"Jul 25, 2018","13.89","13.90","14.26","13.78","-","-1.42%"
"Jul 24, 2018","14.09","14.82","14.87","14.08","-","-3.89%"
"Jul 23, 2018","14.66","14.64","14.92","14.43","-","5.24%"
"Jul 20, 2018","13.93","14.46","14.84","13.79","-","-2.38%"
"Jul 19, 2018","14.27","13.97","14.48","13.72","-","1.93%"
"Jul 18, 2018","14.00","13.34","14.24","13.12","-","1.45%"
"Jul 17, 2018","13.80","13.73","14.10","13.60","-","1.69%"
"Jul 16, 2018","13.57","13.75","13.77","13.31","-","3.91%"
"Jul 13, 2018","13.06","13.70","13.75","13.06","-","-7.44%"
"Jul 12, 2018","14.11","14.56","14.66","13.98","-","-4.86%"
"Jul 11, 2018","14.83","14.39","15.62","14.35","-","6.77%"
"Jul 10, 2018","13.89","14.15","14.17","13.68","-","-6.21%"
"Jul 09, 2018","14.81","16.42","16.45","14.81","-","-9.03%"
"Jul 06, 2018","16.28","17.32","17.45","15.96","-","-6.11%"
"Jul 05, 2018","17.34","17.51","17.94","17.33","-","-0.86%"
"Jul 04, 2018","17.49","17.70","17.93","17.28","-","-1.52%"
"Jul 03, 2018","17.76","17.64","18.81","17.39","-","-3.16%"
"Jul 02, 2018","18.34","16.47","18.34","16.42","-","14.34%"
"Jun 29, 2018","16.04","16.75","17.49","15.96","-","-3.95%"
"Jun 28, 2018","16.70","16.44","17.01","16.28","-","3.86%"
"Jun 27, 2018","16.08","15.73","16.08","15.47","-","2.16%"
"Jun 26, 2018","15.74","16.31","16.87","15.50","-","1.68%"
"Jun 25, 2018","15.48","16.06","16.18","15.25","-","2.04%"
"Jun 22, 2018","15.17","16.54","16.81","15.14","-","-4.29%"
"Jun 21, 2018","15.85","15.38","16.03","15.31","-","3.06%"
"Jun 20, 2018","15.38","16.40","16.44","14.93","-","-8.12%"
"Jun 19, 2018","16.74","15.49","17.00","15.38","-","10.93%"
"Jun 18, 2018","15.09","14.23","15.82","14.19","-","10.55%"
"Jun 15, 2018","13.65","12.80","13.83","12.76","-","3.57%"
"Jun 14, 2018","13.18","13.15","13.67","12.91","-","2.89%"
"Jun 12, 2018","12.81","13.47","13.68","12.81","-","-3.32%"
"Jun 11, 2018","13.25","13.44","13.46","13.06","-","2.24%"
"Jun 08, 2018","12.96","12.59","12.98","12.35","-","4.94%"
"Jun 07, 2018","12.35","12.42","12.51","12.19","-","-1.28%"
"Jun 05, 2018","12.51","12.76","13.16","12.45","-","-1.26%"
"Jun 04, 2018","12.67","13.28","13.28","12.66","-","-3.87%"
"Jun 01, 2018","13.18","14.21","14.23","13.18","-","-9.42%"
"May 31, 2018","14.55","14.88","14.92","14.04","-","-6.25%"
"May 30, 2018","15.52","13.75","15.99","13.72","-","20.03%"
"May 29, 2018","12.93","12.61","12.94","12.55","-","3.03%"
"May 28, 2018","12.55","12.82","12.84","12.54","-","0.40%"
"May 25, 2018","12.50","13.22","13.30","12.50","-","-2.65%"
"May 24, 2018","12.84","12.79","13.30","12.79","-","0.16%"
"May 23, 2018","12.82","13.19","13.20","12.77","-","-0.93%"
"May 21, 2018","12.94","13.49","13.99","12.76","-","1.97%"
"May 18, 2018","12.69","12.82","13.04","12.65","-","-3.06%"
"May 17, 2018","13.09","12.25","13.11","12.14","-","3.15%"
"May 16, 2018","12.69","13.08","13.16","12.44","-","-0.86%"
"May 15, 2018","12.80","11.76","12.88","11.74","-","9.31%"
"May 14, 2018","11.71","11.36","11.89","11.30","-","4.09%"
"May 11, 2018","11.25","11.56","11.56","11.15","-","-5.86%"
"May 10, 2018","11.95","12.40","12.41","11.95","-","-6.13%"
"May 09, 2018","12.73","12.93","13.42","12.70","-","-4.93%"
"May 08, 2018","13.39","13.35","13.39","12.99","-","0.60%"
"May 04, 2018","13.31","13.56","13.56","13.26","-","-2.56%"
"May 03, 2018","13.66","13.74","13.80","13.39","-","0.22%"
"May 02, 2018","13.63","13.87","14.01","13.49","-","0.29%"
"Apr 30, 2018","13.59","14.21","14.24","13.58","-","-3.27%"
"Apr 27, 2018","14.05","14.25","14.31","13.97","-","-3.57%"
"Apr 26, 2018","14.57","14.71","14.83","14.38","-","-1.95%"
"Apr 25, 2018","14.86","14.91","15.29","14.78","-","3.92%"
"Apr 24, 2018","14.30","13.65","14.40","13.61","-","5.30%"
"Apr 23, 2018","13.58","13.49","13.61","13.39","-","5.19%"
"Apr 20, 2018","12.91","12.81","12.99","12.68","-","2.46%"
"Apr 19, 2018","12.60","12.76","12.76","12.52","-","-2.48%"
"Apr 18, 2018","12.92","13.01","13.31","12.81","-","-3.22%"
"Apr 17, 2018","13.35","13.62","13.67","13.27","-","-4.03%"
"Apr 16, 2018","13.91","14.13","14.14","13.65","-","0.72%"
"Apr 13, 2018","13.81","14.53","14.60","13.73","-","-9.38%"
"Apr 12, 2018","15.24","15.27","15.36","14.95","-","-2.62%"
"Apr 11, 2018","15.65","15.49","15.73","15.19","-","3.57%"
"Apr 10, 2018","15.11","17.04","17.05","15.11","-","-8.42%"
"Apr 09, 2018","16.50","17.80","17.80","16.47","-","-4.90%"
"Apr 06, 2018","17.35","17.89","17.91","17.35","-","1.88%"
"Apr 05, 2018","17.03","18.13","18.27","17.03","-","-9.70%"
"Apr 04, 2018","18.86","18.39","18.92","18.04","-","1.34%"
"Apr 03, 2018","18.61","19.22","19.39","18.42","-","1.69%"
"Apr 02, 2018","18.30","18.56","18.56","18.04","-","4.33%"
"Mar 30, 2018","17.54","18.55","18.55","17.54","-","-7.39%"
"Mar 29, 2018","18.94","19.79","19.79","18.91","-","-4.39%"
"Mar 28, 2018","19.81","19.04","20.31","19.04","-","9.09%"
"Mar 27, 2018","18.16","18.34","18.49","17.99","-","-5.86%"
"Mar 26, 2018","19.29","20.60","20.95","19.29","-","-4.55%"
"Mar 23, 2018","20.21","18.09","20.52","18.08","-","24.45%"
"Mar 22, 2018","16.24","16.36","16.37","15.78","-","-2.93%"
"Mar 21, 2018","16.73","16.64","16.76","16.58","-","1.58%"
"Mar 20, 2018","16.47","17.06","17.09","16.46","-","1.04%"
"Mar 19, 2018","16.30","16.12","16.58","16.09","-","5.03%"
"Mar 16, 2018","15.52","15.72","16.11","15.52","-","0.00%"
"Mar 15, 2018","15.52","15.41","15.80","15.36","-","2.37%"
"Mar 14, 2018","15.16","15.36","15.38","15.14","-","0.73%"
"Mar 13, 2018","15.05","15.18","15.25","14.86","-","-0.53%"
"Mar 12, 2018","15.13","15.07","15.18","14.79","-","2.23%"
"Mar 09, 2018","14.80","14.81","15.33","14.75","-","-4.45%"
"Mar 08, 2018","15.49","16.86","16.94","15.47","-","-11.99%"
"Mar 07, 2018","17.60","17.48","17.89","16.80","-","5.58%"
"Mar 06, 2018","16.67","17.19","17.19","16.27","-","-10.81%"
"Mar 05, 2018","18.69","17.71","18.83","17.46","-","7.48%"
"Mar 02, 2018","17.39","17.54","18.33","17.19","-","11.83%"
"Feb 28, 2018","15.55","20.00","20.01","14.51","-","7.02%"
"Feb 27, 2018","14.53","14.35","14.71","14.18","-","-3.84%"
"Feb 26, 2018","15.11","15.38","15.49","15.11","-","-2.45%"
"Feb 23, 2018","15.49","16.17","16.17","15.48","-","-8.07%"
"Feb 22, 2018","16.85","17.48","17.48","16.64","-","1.75%"
"Feb 21, 2018","16.56","17.20","17.22","16.33","-","-3.16%"
"Feb 20, 2018","17.10","16.73","17.75","16.53","-","2.64%"
"Feb 19, 2018","16.66","16.54","17.00","16.40","-","-10.04%"
"Feb 14, 2018","18.52","19.03","19.18","18.46","-","-8.04%"
"Feb 13, 2018","20.14","19.59","20.49","18.50","-","-7.06%"
"Feb 12, 2018","21.67","22.12","22.47","20.79","-","-8.68%"
"Feb 09, 2018","23.73","24.16","24.18","21.63","-","30.31%"
"Feb 08, 2018","18.21","20.23","21.65","17.86","-","-20.96%"
"Feb 07, 2018","23.04","19.04","23.35","17.59","-","1.90%"
"Feb 06, 2018","22.61","22.67","28.34","20.98","-","39.22%"
"Feb 05, 2018","16.24","17.10","17.83","16.01","-","13.25%"
"Feb 02, 2018","14.34","14.14","17.09","13.95","-","2.58%"
"Feb 01, 2018","13.98","14.41","14.41","13.90","-","-3.85%"
"Jan 31, 2018","14.54","14.49","14.91","13.70","-","2.18%"
"Jan 30, 2018","14.23","13.74","14.47","13.66","-","6.04%"
"Jan 29, 2018","13.42","13.08","13.51","13.08","-","7.19%"
"Jan 26, 2018","12.52","12.65","12.73","12.52","-","0.32%"
"Jan 25, 2018","12.48","12.94","12.96","12.48","-","-2.19%"
"Jan 24, 2018","12.76","12.90","13.03","12.69","-","0.08%"
"Jan 23, 2018","12.75","13.02","13.02","12.64","-","-2.60%"
"Jan 22, 2018","13.09","13.33","13.66","13.05","-","3.31%"
"Jan 19, 2018","12.67","12.57","12.78","12.56","-","1.12%"
"Jan 18, 2018","12.53","12.39","12.58","12.23","-","2.62%"
"Jan 17, 2018","12.21","11.94","12.21","11.86","-","3.39%"
"Jan 16, 2018","11.81","11.95","12.10","11.78","-","0.25%"
"Jan 15, 2018","11.78","11.66","11.89","11.63","-","7.09%"
"Jan 12, 2018","11.00","10.96","11.08","10.74","-","-1.70%"
"Jan 11, 2018","11.19","12.08","12.10","11.19","-","-7.67%"
"Jan 10, 2018","12.12","12.04","12.32","11.88","-","0.75%"
"Jan 09, 2018","12.03","12.47","12.54","12.03","-","-2.27%"
"Jan 08, 2018","12.31","12.44","12.71","12.21","-","3.27%"
"Jan 05, 2018","11.92","12.11","12.17","11.83","-","-2.45%"
"Jan 04, 2018","12.22","12.66","12.85","12.22","-","-3.32%"
"Jan 03, 2018","12.64","12.84","13.01","12.64","-","-0.16%"
"Jan 02, 2018","12.66","12.99","13.13","12.58","-","4.98%"
"Dec 28, 2017","12.06","12.87","12.99","12.06","-","-6.51%"
"Dec 27, 2017","12.90","12.95","13.00","12.60","-","-0.23%"
"Dec 26, 2017","12.93","12.46","13.19","12.45","-","8.47%"
"Dec 22, 2017","11.92","14.07","14.17","11.88","-","-6.29%"
"Dec 21, 2017","12.72","12.54","12.92","12.20","-","7.16%"
"Dec 20, 2017","11.87","12.00","12.10","11.84","-","1.02%"
"Dec 19, 2017","11.75","11.36","11.97","11.29","-","3.07%"
"Dec 18, 2017","11.40","11.56","11.67","11.26","-","3.07%"
"Dec 15, 2017","11.06","11.56","11.73","10.89","-","-5.95%"
"Dec 14, 2017","11.76","10.63","13.08","10.37","-","5.19%"
"Dec 13, 2017","11.18","12.17","12.19","11.15","-","-8.06%"
"Dec 12, 2017","12.16","12.50","12.68","12.16","-","-2.41%"
"Dec 11, 2017","12.46","13.26","13.35","12.46","-","-4.45%"
"Dec 08, 2017","13.04","13.68","13.82","13.04","-","-4.54%"
"Dec 07, 2017","13.66","13.53","14.13","13.44","-","0.59%"
"Dec 06, 2017","13.58","13.23","13.81","13.00","-","4.62%"
"Dec 05, 2017","12.98","13.47","13.51","12.98","-","-1.89%"
"Dec 04, 2017","13.23","13.47","13.71","13.23","-","-0.23%"
"Dec 01, 2017","13.26","13.10","13.61","13.03","-","0.45%"
"Nov 30, 2017","13.20","13.06","13.61","12.38","-","7.93%"
"Nov 29, 2017","12.23","12.33","12.56","12.21","-","1.92%"
"Nov 28, 2017","12.00","12.11","12.13","11.75","-","-3.46%"
"Nov 27, 2017","12.43","11.98","12.88","11.98","-","8.18%"
"Nov 24, 2017","11.49","11.57","11.61","11.43","-","-0.09%"
"Nov 23, 2017","11.50","11.52","11.69","11.45","-","0.26%"
"Nov 22, 2017","11.47","11.64","11.78","11.44","-","-0.52%"
"Nov 21, 2017","11.53","11.73","11.86","11.52","-","-2.21%"
"Nov 20, 2017","11.79","11.58","11.94","11.50","-","4.43%"
"Nov 17, 2017","11.29","11.20","11.54","10.96","-","-0.35%"
"Nov 16, 2017","11.33","11.93","12.07","11.21","-","-5.82%"
"Nov 15, 2017","12.03","12.05","12.20","11.66","-","3.35%"
"Nov 14, 2017","11.64","11.75","11.99","11.58","-","-1.44%"
"Nov 13, 2017","11.81","11.29","12.07","11.29","-","6.30%"
"Nov 10, 2017","11.11","11.76","11.92","11.11","-","-7.18%"
"Nov 09, 2017","11.97","13.00","13.02","11.97","-","-9.46%"
"Nov 08, 2017","13.22","14.03","14.03","13.22","-","-5.03%"
"Nov 07, 2017","13.92","13.60","14.11","13.23","-","0.94%"
"Nov 06, 2017","13.79","13.21","14.07","13.10","-","5.35%"
"Nov 03, 2017","13.09","12.94","13.31","12.92","-","0.77%"
"Nov 02, 2017","12.99","12.75","13.10","12.52","-","2.36%"
"Nov 01, 2017","12.69","12.36","12.88","12.31","-","5.22%"
"Oct 31, 2017","12.06","12.40","12.40","11.99","-","-2.66%"
"Oct 30, 2017","12.39","12.52","12.54","12.31","-","1.47%"
"Oct 27, 2017","12.21","12.33","12.34","12.13","-","-2.86%"
"Oct 26, 2017","12.57","12.40","12.60","12.25","-","1.62%"
"Oct 25, 2017","12.37","12.39","12.65","12.24","-","0.65%"
"Oct 24, 2017","12.29","12.33","12.35","12.20","-","0.49%"
"Oct 23, 2017","12.23","12.39","12.47","12.22","-","2.51%"
"Oct 20, 2017","11.93","12.23","12.23","11.93","-","-3.79%"
"Oct 19, 2017","12.40","12.09","12.40","11.86","-","2.65%"
"Oct 18, 2017","12.08","12.16","12.39","12.08","-","0.67%"
"Oct 17, 2017","12.00","11.97","12.04","11.88","-","0.67%"
"Oct 16, 2017","11.92","11.74","12.08","11.73","-","4.01%"
"Oct 13, 2017","11.46","12.21","12.22","11.42","-","-5.91%"
"Oct 12, 2017","12.18","13.01","13.01","12.18","-","-7.73%"
"Oct 11, 2017","13.20","13.46","13.47","13.06","-","-4.76%"
"Oct 10, 2017","13.86","13.69","13.99","13.37","-","3.36%"
"Sep 29, 2017","13.41","13.09","13.41","12.96","-","6.01%"
"Sep 28, 2017","12.65","12.71","13.05","12.43","-","2.26%"
"Sep 27, 2017","12.37","12.75","12.75","12.26","-","-2.21%"
"Sep 26, 2017","12.65","13.00","13.33","12.58","-","2.35%"
"Sep 25, 2017","12.36","12.81","12.81","12.33","-","0.32%"
"Sep 22, 2017","12.32","11.74","12.63","11.73","-","6.57%"
"Sep 21, 2017","11.56","11.69","11.76","11.52","-","-1.11%"
"Sep 20, 2017","11.69","11.54","11.77","11.53","-","3.09%"
"Sep 19, 2017","11.34","11.51","11.57","11.34","-","0.00%"
"Sep 18, 2017","11.34","11.26","11.60","11.06","-","1.98%"
"Sep 15, 2017","11.12","12.23","12.29","10.94","-","-3.56%"
"Sep 14, 2017","11.53","12.86","12.93","11.53","-","-13.96%"
"Sep 13, 2017","13.40","13.65","13.65","12.28","-","-0.45%"
"Sep 12, 2017","13.46","13.71","13.87","13.46","-","-3.10%"
"Sep 11, 2017","13.89","13.55","14.19","13.31","-","-7.34%"
"Sep 08, 2017","14.99","14.61","15.26","14.50","-","2.25%"
"Sep 07, 2017","14.66","15.56","15.56","14.28","-","-10.01%"
"Sep 06, 2017","16.29","16.55","16.64","16.15","-","1.05%"
"Sep 05, 2017","16.12","15.08","16.46","15.08","-","5.84%"
"Sep 04, 2017","15.23","15.76","15.76","14.67","-","14.00%"
"Sep 01, 2017","13.36","13.27","13.87","13.18","-","-2.05%"
"Aug 31, 2017","13.64","13.13","14.06","13.13","-","5.41%"
"Aug 30, 2017","12.94","13.44","13.44","12.94","-","-5.69%"
"Aug 29, 2017","13.72","14.08","15.44","13.57","-","5.13%"
"Aug 28, 2017","13.05","12.65","13.22","12.59","-","7.14%"
"Aug 25, 2017","12.18","12.42","12.61","12.18","-","0.08%"
"Aug 24, 2017","12.17","12.33","12.40","12.04","-","-3.49%"
"Aug 23, 2017","12.61","12.40","12.95","12.34","-","-0.32%"
"Aug 22, 2017","12.65","12.76","12.99","12.65","-","-5.67%"
"Aug 21, 2017","13.41","13.69","13.84","13.23","-","2.37%"
"Aug 18, 2017","13.10","13.71","14.03","12.89","-","7.47%"
"Aug 17, 2017","12.19","13.51","13.53","12.19","-","-13.48%"
"Aug 16, 2017","14.09","14.00","14.90","13.96","-","-15.88%"
"Aug 14, 2017","16.75","17.28","17.41","16.57","-","-11.66%"
"Aug 11, 2017","18.96","20.60","21.01","18.56","-","14.56%"
"Aug 10, 2017","16.55","15.30","20.31","15.07","-","5.41%"
"Aug 09, 2017","15.70","14.54","16.28","14.51","-","25.20%"
"Aug 08, 2017","12.54","12.12","13.02","12.12","-","-0.63%"
"Aug 07, 2017","12.62","12.54","12.64","12.06","-","-1.25%"
"Aug 04, 2017","12.78","13.04","13.58","12.72","-","-5.19%"
"Aug 03, 2017","13.48","12.82","15.21","12.81","-","18.14%"
"Aug 02, 2017","11.41","11.59","11.62","11.29","-","-2.14%"
"Aug 01, 2017","11.66","12.70","12.70","11.63","-","-8.84%"
"Jul 31, 2017","12.79","13.08","13.41","12.49","-","-1.08%"
"Jul 28, 2017","12.93","11.04","12.93","11.04","-","24.57%"
"Jul 27, 2017","10.38","10.40","10.58","10.36","-","-1.33%"
"Jul 26, 2017","10.52","10.43","10.99","10.36","-","1.54%"
"Jul 25, 2017","10.36","10.16","10.44","10.04","-","2.98%"
"Jul 24, 2017","10.06","10.33","10.41","10.06","-","2.44%"
"Jul 21, 2017","9.82","10.47","10.52","9.82","-","-5.49%"
"Jul 20, 2017","10.39","10.70","10.81","10.28","-","-2.17%"
"Jul 19, 2017","10.62","10.76","10.96","10.58","-","-1.12%"
"Jul 18, 2017","10.74","10.80","10.89","10.68","-","-0.37%"
"Jul 17, 2017","10.78","10.66","10.92","10.64","-","3.36%"
"Jul 14, 2017","10.43","10.76","10.78","10.14","-","-4.57%"
"Jul 13, 2017","10.93","11.67","11.92","10.92","-","-6.82%"
"Jul 12, 2017","11.73","12.14","12.15","11.71","-","-2.98%"
"Jul 11, 2017","12.09","12.49","12.51","12.01","-","-3.67%"
"Jul 10, 2017","12.55","13.12","13.14","12.46","-","-3.24%"
"Jul 07, 2017","12.97","13.33","13.55","12.96","-","-0.15%"
"Jul 06, 2017","12.99","13.06","13.27","12.90","-","-1.44%"
"Jul 05, 2017","13.18","13.80","13.85","13.13","-","-6.06%"
"Jul 04, 2017","14.03","12.34","14.38","12.31","-","14.07%"
"Jul 03, 2017","12.30","12.42","12.48","12.30","-","2.50%"
"Jun 30, 2017","12.00","12.20","12.22","11.98","-","3.00%"
"Jun 29, 2017","11.65","12.01","12.06","11.65","-","-2.75%"
"Jun 28, 2017","11.98","11.86","12.09","11.84","-","2.04%"
"Jun 27, 2017","11.74","12.01","12.06","11.74","-","-1.10%"
"Jun 26, 2017","11.87","11.97","12.02","11.86","-","4.95%"
"Jun 23, 2017","11.31","11.26","11.44","11.18","-","1.16%"
"Jun 22, 2017","11.18","11.59","11.61","11.17","-","-3.87%"
"Jun 21, 2017","11.63","11.98","12.00","11.63","-","-0.68%"
"Jun 20, 2017","11.71","11.91","12.01","11.69","-","-0.26%"
"Jun 19, 2017","11.74","11.94","12.04","11.74","-","2.44%"
"Jun 16, 2017","11.46","11.68","11.72","11.46","-","-2.13%"
"Jun 15, 2017","11.71","11.75","12.18","11.57","-","0.69%"
"Jun 14, 2017","11.63","11.65","11.97","11.60","-","0.78%"
"Jun 13, 2017","11.54","12.00","12.05","11.50","-","-4.55%"
"Jun 12, 2017","12.09","12.02","12.22","11.90","-","5.77%"
"Jun 09, 2017","11.43","11.46","11.81","11.23","-","-5.69%"
"Jun 08, 2017","12.12","12.92","13.02","12.04","-","-5.97%"
"Jun 07, 2017","12.89","13.13","13.28","12.80","-","-0.62%"
"Jun 05, 2017","12.97","13.11","13.20","12.95","-","2.29%"
"Jun 02, 2017","12.68","12.86","12.99","12.62","-","-0.70%"
"Jun 01, 2017","12.77","13.32","13.42","12.77","-","-3.11%"
"May 31, 2017","13.18","13.64","13.74","13.18","-","-3.09%"
"May 30, 2017","13.60","14.03","14.19","13.60","-","-3.00%"
"May 29, 2017","14.02","14.25","14.58","13.92","-","3.77%"
"May 26, 2017","13.51","13.52","14.49","13.51","-","-0.37%"
"May 25, 2017","13.56","12.92","13.60","12.92","-","4.71%"
"May 24, 2017","12.95","13.20","13.25","12.95","-","0.54%"
"May 23, 2017","12.88","12.85","13.47","12.80","-","0.70%"
"May 22, 2017","12.79","13.08","13.17","12.73","-","-0.70%"
"May 19, 2017","12.88","13.04","13.07","12.64","-","-2.28%"
"May 18, 2017","13.18","13.67","14.06","13.18","-","2.73%"
"May 17, 2017","12.83","12.98","12.99","12.62","-","2.56%"
"May 16, 2017","12.51","13.24","13.42","12.51","-","-2.95%"
"May 15, 2017","12.89","12.93","13.10","12.79","-","4.63%"
"May 12, 2017","12.32","13.74","13.86","12.32","-","-16.30%"
"May 11, 2017","14.72","15.57","15.61","14.13","-","-8.85%"
"May 10, 2017","16.15","17.38","18.88","15.94","-","2.60%"
"May 08, 2017","15.74","14.28","16.07","13.80","-","14.31%"
"May 04, 2017","13.77","13.72","13.77","13.36","-","4.48%"
"May 02, 2017","13.18","12.77","13.68","12.71","-","7.42%"
"Apr 28, 2017","12.27","11.93","12.41","11.70","-","3.81%"
"Apr 27, 2017","11.82","12.38","12.44","11.82","-","-2.96%"
"Apr 26, 2017","12.18","12.47","12.68","12.18","-","1.33%"
"Apr 25, 2017","12.02","12.62","13.41","12.02","-","-5.87%"
"Apr 24, 2017","12.77","12.81","12.96","12.74","-","-0.93%"
"Apr 21, 2017","12.89","12.86","12.97","12.49","-","-3.08%"
"Apr 20, 2017","13.30","15.02","15.02","13.30","-","-10.56%"
"Apr 19, 2017","14.87","15.71","16.01","14.77","-","-3.32%"
"Apr 18, 2017","15.38","15.52","16.51","15.16","-","-2.72%"
"Apr 17, 2017","15.81","15.78","16.76","15.30","-","-3.60%"
"Apr 14, 2017","16.40","13.90","19.30","13.90","-","12.87%"
"Apr 13, 2017","14.53","14.74","25.80","14.52","-","-7.75%"
"Apr 12, 2017","15.75","16.77","26.95","15.74","-","-5.58%"
"Apr 11, 2017","16.68","15.18","19.05","14.85","-","12.93%"
"Apr 10, 2017","14.77","13.27","15.32","13.26","-","16.94%"
"Apr 07, 2017","12.63","11.66","13.09","11.66","-","6.85%"
"Apr 06, 2017","11.82","11.64","12.31","11.64","-","6.49%"
"Apr 05, 2017","11.10","10.89","11.70","10.74","-","1.46%"
"Apr 04, 2017","10.94","11.09","11.09","10.67","-","-0.64%"
"Apr 03, 2017","11.01","11.31","11.32","10.96","-","-0.45%"
"Mar 31, 2017","11.06","11.15","11.22","10.99","-","-1.25%"
"Mar 30, 2017","11.20","11.32","11.50","11.16","-","-3.03%"
"Mar 29, 2017","11.55","12.04","12.05","11.55","-","-5.71%"
"Mar 28, 2017","12.25","12.68","12.72","12.21","-","-5.55%"
"Mar 27, 2017","12.97","12.96","13.12","12.85","-","4.94%"
"Mar 24, 2017","12.36","12.58","12.69","12.35","-","-3.06%"
"Mar 23, 2017","12.75","12.93","12.98","12.67","-","-3.12%"
"Mar 22, 2017","13.16","13.15","13.57","13.11","-","4.11%"
"Mar 21, 2017","12.64","11.84","12.91","11.83","-","7.67%"
"Mar 20, 2017","11.74","11.75","11.85","11.69","-","4.36%"
"Mar 17, 2017","11.25","11.09","11.46","10.86","-","-0.18%"
"Mar 16, 2017","11.27","11.70","11.70","11.15","-","-0.97%"
"Mar 15, 2017","11.38","11.29","11.70","11.29","-","2.43%"
"Mar 14, 2017","11.11","10.60","11.21","10.55","-","3.83%"
"Mar 13, 2017","10.70","10.73","10.89","10.63","-","0.28%"
"Mar 10, 2017","10.67","12.29","12.31","10.43","-","-10.79%"
"Mar 09, 2017","11.96","11.34","11.96","11.22","-","5.84%"
"Mar 08, 2017","11.30","11.05","11.30","10.90","-","0.98%"
"Mar 07, 2017","11.19","11.07","11.25","10.87","-","-0.80%"
"Mar 06, 2017","11.28","11.31","11.41","11.06","-","2.83%"
"Mar 03, 2017","10.97","10.71","11.27","10.63","-","3.98%"
"Mar 02, 2017","10.55","10.81","10.94","10.49","-","-0.85%"
"Feb 28, 2017","10.64","10.68","10.71","10.46","-","0.19%"
"Feb 27, 2017","10.62","10.61","10.79","10.49","-","4.22%"
"Feb 24, 2017","10.19","9.92","10.38","9.84","-","4.09%"
"Feb 23, 2017","9.79","9.81","9.83","9.70","-","0.72%"
"Feb 22, 2017","9.72","10.00","10.01","9.71","-","-2.80%"
"Feb 21, 2017","10.00","10.09","10.35","9.98","-","-1.67%"
"Feb 20, 2017","10.17","10.42","10.62","10.11","-","1.50%"
"Feb 17, 2017","10.02","10.32","10.33","10.02","-","-1.18%"
"Feb 16, 2017","10.14","10.19","10.29","10.09","-","-0.49%"
"Feb 15, 2017","10.19","10.53","10.55","10.10","-","-2.67%"
"Feb 14, 2017","10.47","10.58","10.74","10.41","-","-0.19%"
"Feb 13, 2017","10.49","10.80","10.86","10.46","-","0.96%"
"Feb 10, 2017","10.39","10.80","10.80","10.32","-","-4.85%"
"Feb 09, 2017","10.92","11.38","11.41","10.81","-","-3.45%"
"Feb 08, 2017","11.31","11.97","12.05","11.31","-","-3.42%"
"Feb 07, 2017","11.71","11.94","12.03","11.71","-","-2.09%"
"Feb 06, 2017","11.96","12.07","12.27","11.91","-","0.25%"
"Feb 03, 2017","11.93","12.03","12.22","11.91","-","-2.29%"
"Feb 02, 2017","12.21","12.02","12.41","11.68","-","0.91%"
"Feb 01, 2017","12.10","12.42","12.48","12.10","-","-3.43%"
"Jan 31, 2017","12.53","12.41","12.59","12.25","-","8.11%"
"Jan 26, 2017","11.59","12.00","12.00","11.59","-","-4.37%"
"Jan 25, 2017","12.12","12.51","12.53","12.08","-","-2.96%"
"Jan 24, 2017","12.49","12.79","12.95","12.49","-","-3.25%"
"Jan 23, 2017","12.91","13.13","13.16","12.88","-","1.49%"
"Jan 20, 2017","12.72","13.01","13.01","12.66","-","1.27%"
"Jan 19, 2017","12.56","12.05","13.08","12.00","-","2.53%"
"Jan 18, 2017","12.25","12.01","12.65","11.89","-","3.73%"
"Jan 17, 2017","11.81","11.60","11.83","11.46","-","0.08%"
"Jan 16, 2017","11.80","11.29","12.15","11.13","-","7.66%"
"Jan 13, 2017","10.96","11.68","11.70","10.89","-","-8.89%"
"Jan 12, 2017","12.03","11.57","12.06","11.53","-","5.62%"
"Jan 11, 2017","11.39","11.23","11.65","11.05","-","3.83%"
"Jan 10, 2017","10.97","11.08","11.27","10.97","-","-1.44%"
"Jan 09, 2017","11.13","11.26","11.38","11.04","-","1.18%"
"Jan 06, 2017","11.00","11.02","11.03","10.76","-","-1.08%"
"Jan 05, 2017","11.12","10.92","11.20","10.79","-","2.02%"
"Jan 04, 2017","10.90","11.19","11.20","10.90","-","-3.02%"
"Jan 03, 2017","11.24","11.66","11.66","11.21","-","-3.77%"
"Jan 02, 2017","11.68","12.28","12.30","11.68","-","1.48%"